{"cameraMode":{"drawMode":0,"name":"Shaded","section":"Shading Mode"},"sceneLighting":false,"audioPlay":false,"sceneViewState":{"showFog":false,"showMaterialUpdate":false,"showSkybox":false,"showFlares":false,"showImageEffects":false,"showParticleSystems":true},"in2DMode":false,"pivot":{"x":-7.3319878578186039,"y":0.3879426121711731,"z":8.100000381469727},"rotation":{"x":0.3702813684940338,"y":0.3297921121120453,"z":-0.14255455136299134,"w":0.8566254377365112},"size":1.1733813285827637,"orthographic":false}