{"cameraMode":{"drawMode":0,"name":"Shaded","section":"Shading Mode"},"sceneLighting":true,"audioPlay":false,"sceneViewState":{"showFog":false,"showMaterialUpdate":false,"showSkybox":false,"showFlares":false,"showImageEffects":false,"showParticleSystems":true},"in2DMode":false,"pivot":{"x":3.60142183303833,"y":0.20702680945396424,"z":6.760000228881836},"rotation":{"x":0.2311139851808548,"y":0.3305508494377136,"z":-0.08384107053279877,"w":0.9112042784690857},"size":2.8506577014923097,"orthographic":true}