{"cameraMode":{"drawMode":0,"name":"Shaded","section":"Shading Mode"},"sceneLighting":false,"audioPlay":false,"sceneViewState":{"showFog":false,"showMaterialUpdate":false,"showSkybox":false,"showFlares":false,"showImageEffects":false,"showParticleSystems":true},"in2DMode":false,"pivot":{"x":3.032665729522705,"y":-0.0228271484375,"z":0.6056697368621826},"rotation":{"x":0.20413142442703248,"y":-0.2167331427335739,"z":0.04639832675457001,"w":0.9535220265388489},"size":0.7411270141601563,"orthographic":true}