{"cameraMode":{"drawMode":0,"name":"Shaded","section":"Shading Mode"},"sceneLighting":false,"audioPlay":false,"sceneViewState":{"showFog":false,"showMaterialUpdate":false,"showSkybox":false,"showFlares":false,"showImageEffects":false,"showParticleSystems":true},"in2DMode":false,"pivot":{"x":-6.891154766082764,"y":0.7822020053863525,"z":8.789724349975586},"rotation":{"x":0.06546711176633835,"y":-0.2400677353143692,"z":0.016229404136538507,"w":0.9684101939201355},"size":1.4527919292449952,"orthographic":true}