{"cameraMode":{"drawMode":0,"name":"Shaded","section":"Shading Mode"},"sceneLighting":false,"audioPlay":false,"sceneViewState":{"showFog":false,"showMaterialUpdate":false,"showSkybox":false,"showFlares":false,"showImageEffects":false,"showParticleSystems":true},"in2DMode":false,"pivot":{"x":2.656982421875,"y":-0.098968505859375,"z":0.18914794921875},"rotation":{"x":0.4261029362678528,"y":-0.5046238303184509,"z":0.31560078263282778,"w":0.6813129186630249},"size":0.7411270141601563,"orthographic":true}