{"cameraMode":{"drawMode":0,"name":"Shaded","section":"Shading Mode"},"sceneLighting":true,"audioPlay":false,"sceneViewState":{"showFog":false,"showMaterialUpdate":false,"showSkybox":false,"showFlares":false,"showImageEffects":false,"showParticleSystems":true},"in2DMode":false,"pivot":{"x":1.581282377243042,"y":-12.889416694641114,"z":16.89291763305664},"rotation":{"x":0.49966344237327578,"y":-0.09190288931131363,"z":0.05341626703739166,"w":0.8596726059913635},"size":25.908126831054689,"orthographic":false}