{"cameraMode":{"drawMode":0,"name":"Shaded","section":"Shading Mode"},"sceneLighting":false,"audioPlay":false,"sceneViewState":{"showFog":false,"showMaterialUpdate":false,"showSkybox":false,"showFlares":false,"showImageEffects":false,"showParticleSystems":true},"in2DMode":false,"pivot":{"x":-7.145744800567627,"y":0.5604828596115112,"z":8.119964599609375},"rotation":{"x":0.05558793991804123,"y":0.5901591181755066,"z":-0.04078589752316475,"w":0.8043375015258789},"size":1.1733813285827637,"orthographic":false}