{"cameraMode":{"drawMode":0,"name":"Shaded","section":"Shading Mode"},"sceneLighting":true,"audioPlay":false,"sceneViewState":{"showFog":false,"showMaterialUpdate":false,"showSkybox":false,"showFlares":false,"showImageEffects":false,"showParticleSystems":true},"in2DMode":false,"pivot":{"x":-8.783629417419434,"y":2.6743602752685549,"z":4.8631415367126469},"rotation":{"x":0.5520511865615845,"y":-0.05916958674788475,"z":0.03931810334324837,"w":0.8307783603668213},"size":17.405195236206056,"orthographic":false}