{"cameraMode":{"drawMode":0,"name":"Shaded","section":"Shading Mode"},"sceneLighting":false,"audioPlay":false,"sceneViewState":{"showFog":false,"showMaterialUpdate":false,"showSkybox":false,"showFlares":false,"showImageEffects":false,"showParticleSystems":true},"in2DMode":false,"pivot":{"x":-8.2047119140625,"y":0.550537109375,"z":7.23687744140625},"rotation":{"x":-0.036066774278879169,"y":-0.8960797190666199,"z":0.07409507036209107,"w":-0.43617692589759829},"size":0.8694305419921875,"orthographic":true}