{"cameraMode":{"drawMode":0,"name":"Shaded","section":"Shading Mode"},"sceneLighting":false,"audioPlay":false,"sceneViewState":{"showFog":false,"showMaterialUpdate":false,"showSkybox":false,"showFlares":false,"showImageEffects":false,"showParticleSystems":true},"in2DMode":false,"pivot":{"x":-6.889999866485596,"y":0.36402958631515505,"z":8.260000228881836},"rotation":{"x":0.49966344237327578,"y":-0.09190288931131363,"z":0.05341626703739166,"w":0.8596726059913635},"size":1.1527918577194214,"orthographic":false}