{"cameraMode":{"drawMode":0,"name":"Shaded","section":"Shading Mode"},"sceneLighting":false,"audioPlay":false,"sceneViewState":{"showFog":false,"showMaterialUpdate":false,"showSkybox":false,"showFlares":false,"showImageEffects":false,"showParticleSystems":true},"in2DMode":false,"pivot":{"x":-8.119999885559082,"y":0.3666823208332062,"z":7.170000076293945},"rotation":{"x":0.49966344237327578,"y":-0.09190288931131363,"z":0.05341626703739166,"w":0.8596726059913635},"size":1.5195149183273316,"orthographic":false}